{
  "SubsetA": {
    "logistic_auroc": 0.5337354590643781,
    "rf_auroc": 0.5897898721156968,
    "binary_comp": {
      "subset": "SubsetA",
      "binary_auroc": 0.6986044591928547,
      "multi_auroc": 0.5891920307580791,
      "improvement": -0.10941242843477561,
      "on_task_profile": 1
    }
  },
  "SubsetB": {
    "logistic_auroc": 0.524142550884736,
    "rf_auroc": 0.5893640744394859,
    "binary_comp": {
      "subset": "SubsetB",
      "binary_auroc": 0.6269870883415319,
      "multi_auroc": 0.5875015903724294,
      "improvement": -0.0394854979691025,
      "on_task_profile": 0
    }
  }
}